time,u_left,u_right
0,-2.5,2.5
0.02,-2.5,2.5
0.04,-2.5,2.5
0.06,-2.5,2.5
0.08,-2.5,2.5
0.1,-2.5,2.5
0.12,-2.5,2.5
0.14,-2.5,2.5
0.16,-2.5,2.5
0.18,-2.5,2.5
0.2,-2.5,2.5
0.22,-2.5,2.5
0.24,-2.5,2.5
0.26,-2.5,2.5
0.28,-2.5,2.5
0.3,-2.5,2.5
0.32,-2.5,2.5
0.34,-2.5,2.5
0.36,-2.5,2.5
0.38,-2.5,2.5
0.4,-2.5,2.5
0.42,-2.5,2.5
0.44,-2.5,2.5
0.46,-2.5,2.5
0.48,-2.5,2.5
0.5,-2.5,2.5
0.52,-2.5,2.5
0.54,-2.5,2.5
0.56,-2.5,2.5
0.58,-2.5,2.5
0.6,-2.5,2.5
0.62,-2.5,2.5
0.64,-2.5,2.5
0.66,-2.5,2.5
0.68,-2.5,2.5
0.7,-2.5,2.5
0.72,-2.5,2.5
0.74,-2.5,2.5
0.76,-2.5,2.5
0.78,-2.5,2.5
0.8,2.5,-2.5
0.82,2.5,-2.5
0.84,2.5,-2.5
0.86,2.5,-2.5
0.88,2.5,-2.5
0.9,-2.5,2.5
0.92,-2.5,2.5
0.94,-2.5,2.5
0.96,-2.5,2.5
0.98,-2.5,2.5
1,-2.5,2.5
1.02,-2.5,2.5
1.04,-2.5,2.5
1.06,-2.5,2.5
1.08,-2.5,2.5
1.1,2.5,-2.5
1.12,2.5,-2.5
1.14,2.5,-2.5
1.16,2.5,-2.5
1.18,2.5,-2.5
1.2,-2.5,2.5
1.22,-2.5,2.5
1.24,-2.5,2.5
1.26,-2.5,2.5
1.28,-2.5,2.5
1.3,-2.5,2.5
1.32,-2.5,2.5
1.34,-2.5,2.5
1.36,-2.5,2.5
1.38,-2.5,2.5
1.4,2.5,-2.5
1.42,2.5,-2.5
1.44,2.5,-2.5
1.46,2.5,-2.5
1.48,2.5,-2.5
1.5,2.5,-2.5
1.52,2.5,-2.5
1.54,2.5,-2.5
1.56,2.5,-2.5
1.58,2.5,-2.5
1.6,-2.5,2.5
1.62,-2.5,2.5
1.64,-2.5,2.5
1.66,-2.5,2.5
1.68,-2.5,2.5
1.7,-2.5,2.5
1.72,-2.5,2.5
1.74,-2.5,2.5
1.76,-2.5,2.5
1.78,-2.5,2.5
1.8,-2.5,2.5
1.82,-2.5,2.5
1.84,-2.5,2.5
1.86,-2.5,2.5
1.88,-2.5,2.5
1.9,-2.5,2.5
1.92,-2.5,2.5
1.94,-2.5,2.5
1.96,-2.5,2.5
1.98,-2.5,2.5
2,2.5,-2.5
2.02,2.5,-2.5
2.04,2.5,-2.5
2.06,2.5,-2.5
2.08,2.5,-2.5
2.1,2.5,-2.5
2.12,2.5,-2.5
2.14,2.5,-2.5
2.16,2.5,-2.5
2.18,2.5,-2.5
2.2,2.5,-2.5
2.22,2.5,-2.5
2.24,2.5,-2.5
2.26,2.5,-2.5
2.28,2.5,-2.5
2.3,-2.5,2.5
2.32,-2.5,2.5
2.34,-2.5,2.5
2.36,-2.5,2.5
2.38,-2.5,2.5
2.4,-2.5,2.5
2.42,-2.5,2.5
2.44,-2.5,2.5
2.46,-2.5,2.5
2.48,-2.5,2.5
2.5,2.5,-2.5
2.52,2.5,-2.5
2.54,2.5,-2.5
2.56,2.5,-2.5
2.58,2.5,-2.5
2.6,-2.5,2.5
2.62,-2.5,2.5
2.64,-2.5,2.5
2.66,-2.5,2.5
2.68,-2.5,2.5
2.7,2.5,-2.5
2.72,2.5,-2.5
2.74,2.5,-2.5
2.76,2.5,-2.5
2.78,2.5,-2.5
2.8,-2.5,2.5
2.82,-2.5,2.5
2.84,-2.5,2.5
2.86,-2.5,2.5
2.88,-2.5,2.5
2.9,-2.5,2.5
2.92,-2.5,2.5
2.94,-2.5,2.5
2.96,-2.5,2.5
2.98,-2.5,2.5
3,-2.5,2.5
3.02,-2.5,2.5
3.04,-2.5,2.5
3.06,-2.5,2.5
3.08,-2.5,2.5
3.1,2.5,-2.5
3.12,2.5,-2.5
3.14,2.5,-2.5
3.16,2.5,-2.5
3.18,2.5,-2.5
3.2,2.5,-2.5
3.22,2.5,-2.5
3.24,2.5,-2.5
3.26,2.5,-2.5
3.28,2.5,-2.5
3.3,-2.5,2.5
3.32,-2.5,2.5
3.34,-2.5,2.5
3.36,-2.5,2.5
3.38,-2.5,2.5
3.4,2.5,-2.5
3.42,2.5,-2.5
3.44,2.5,-2.5
3.46,2.5,-2.5
3.48,2.5,-2.5
3.5,2.5,-2.5
3.52,2.5,-2.5
3.54,2.5,-2.5
3.56,2.5,-2.5
3.58,2.5,-2.5
3.6,2.5,-2.5
3.62,2.5,-2.5
3.64,2.5,-2.5
3.66,2.5,-2.5
3.68,2.5,-2.5
3.7,2.5,-2.5
3.72,2.5,-2.5
3.74,2.5,-2.5
3.76,2.5,-2.5
3.78,2.5,-2.5
3.8,-2.5,2.5
3.82,-2.5,2.5
3.84,-2.5,2.5
3.86,-2.5,2.5
3.88,-2.5,2.5
3.9,-2.5,2.5
3.92,-2.5,2.5
3.94,-2.5,2.5
3.96,-2.5,2.5
3.98,-2.5,2.5
4,-2.5,2.5
4.02,-2.5,2.5
4.04,-2.5,2.5
4.06,-2.5,2.5
4.08,-2.5,2.5
4.1,-2.5,2.5
4.12,-2.5,2.5
4.14,-2.5,2.5
4.16,-2.5,2.5
4.18,-2.5,2.5
4.2,2.5,-2.5
4.22,2.5,-2.5
4.24,2.5,-2.5
4.26,2.5,-2.5
4.28,2.5,-2.5
4.3,-2.5,2.5
4.32,-2.5,2.5
4.34,-2.5,2.5
4.36,-2.5,2.5
4.38,-2.5,2.5
4.4,-2.5,2.5
4.42,-2.5,2.5
4.44,-2.5,2.5
4.46,-2.5,2.5
4.48,-2.5,2.5
4.5,-2.5,2.5
4.52,-2.5,2.5
4.54,-2.5,2.5
4.56,-2.5,2.5
4.58,-2.5,2.5
4.6,2.5,-2.5
4.62,2.5,-2.5
4.64,2.5,-2.5
4.66,2.5,-2.5
4.68,2.5,-2.5
4.7,-2.5,2.5
4.72,-2.5,2.5
4.74,-2.5,2.5
4.76,-2.5,2.5
4.78,-2.5,2.5
4.8,-2.5,2.5
4.82,-2.5,2.5
4.84,-2.5,2.5
4.86,-2.5,2.5
4.88,-2.5,2.5
4.9,-2.5,2.5
4.92,-2.5,2.5
4.94,-2.5,2.5
4.96,-2.5,2.5
4.98,-2.5,2.5
5,-2.5,2.5
5.02,-2.5,2.5
5.04,-2.5,2.5
5.06,-2.5,2.5
5.08,-2.5,2.5
5.1,2.5,-2.5
5.12,2.5,-2.5
5.14,2.5,-2.5
5.16,2.5,-2.5
5.18,2.5,-2.5
5.2,-2.5,2.5
5.22,-2.5,2.5
5.24,-2.5,2.5
5.26,-2.5,2.5
5.28,-2.5,2.5
5.3,2.5,-2.5
5.32,2.5,-2.5
5.34,2.5,-2.5
5.36,2.5,-2.5
5.38,2.5,-2.5
5.4,2.5,-2.5
5.42,2.5,-2.5
5.44,2.5,-2.5
5.46,2.5,-2.5
5.48,2.5,-2.5
5.5,2.5,-2.5
5.52,2.5,-2.5
5.54,2.5,-2.5
5.56,2.5,-2.5
5.58,2.5,-2.5
5.6,2.5,-2.5
5.62,2.5,-2.5
5.64,2.5,-2.5
5.66,2.5,-2.5
5.68,2.5,-2.5
5.7,2.5,-2.5
5.72,2.5,-2.5
5.74,2.5,-2.5
5.76,2.5,-2.5
5.78,2.5,-2.5
5.8,-2.5,2.5
5.82,-2.5,2.5
5.84,-2.5,2.5
5.86,-2.5,2.5
5.88,-2.5,2.5
5.9,2.5,-2.5
5.92,2.5,-2.5
5.94,2.5,-2.5
5.96,2.5,-2.5
5.98,2.5,-2.5
6,2.5,-2.5
6.02,2.5,-2.5
6.04,2.5,-2.5
6.06,2.5,-2.5
6.08,2.5,-2.5
6.1,2.5,-2.5
6.12,2.5,-2.5
6.14,2.5,-2.5
6.16,2.5,-2.5
6.18,2.5,-2.5
6.2,2.5,-2.5
6.22,2.5,-2.5
6.24,2.5,-2.5
6.26,2.5,-2.5
6.28,2.5,-2.5
6.3,2.5,-2.5
6.32,2.5,-2.5
6.34,2.5,-2.5
6.36,2.5,-2.5
6.38,2.5,-2.5
6.4,2.5,-2.5
6.42,2.5,-2.5
6.44,2.5,-2.5
6.46,2.5,-2.5
6.48,2.5,-2.5
6.5,-2.5,2.5
6.52,-2.5,2.5
6.54,-2.5,2.5
6.56,-2.5,2.5
6.58,-2.5,2.5
6.6,2.5,-2.5
6.62,2.5,-2.5
6.64,2.5,-2.5
6.66,2.5,-2.5
6.68,2.5,-2.5
6.7,-2.5,2.5
6.72,-2.5,2.5
6.74,-2.5,2.5
6.76,-2.5,2.5
6.78,-2.5,2.5
6.8,-2.5,2.5
6.82,-2.5,2.5
6.84,-2.5,2.5
6.86,-2.5,2.5
6.88,-2.5,2.5
6.9,2.5,-2.5
6.92,2.5,-2.5
6.94,2.5,-2.5
6.96,2.5,-2.5
6.98,2.5,-2.5
7,-2.5,2.5
7.02,-2.5,2.5
7.04,-2.5,2.5
7.06,-2.5,2.5
7.08,-2.5,2.5
7.1,-2.5,2.5
7.12,-2.5,2.5
7.14,-2.5,2.5
7.16,-2.5,2.5
7.18,-2.5,2.5
7.2,-2.5,2.5
7.22,-2.5,2.5
7.24,-2.5,2.5
7.26,-2.5,2.5
7.28,-2.5,2.5
7.3,-2.5,2.5
7.32,-2.5,2.5
7.34,-2.5,2.5
7.36,-2.5,2.5
7.38,-2.5,2.5
7.4,-2.5,2.5
7.42,-2.5,2.5
7.44,-2.5,2.5
7.46,-2.5,2.5
7.48,-2.5,2.5
7.5,2.5,-2.5
7.52,2.5,-2.5
7.54,2.5,-2.5
7.56,2.5,-2.5
7.58,2.5,-2.5
7.6,2.5,-2.5
7.62,2.5,-2.5
7.64,2.5,-2.5
7.66,2.5,-2.5
7.68,2.5,-2.5
7.7,-2.5,2.5
7.72,-2.5,2.5
7.74,-2.5,2.5
7.76,-2.5,2.5
7.78,-2.5,2.5
7.8,-2.5,2.5
7.82,-2.5,2.5
7.84,-2.5,2.5
7.86,-2.5,2.5
7.88,-2.5,2.5
7.9,2.5,-2.5
7.92,2.5,-2.5
7.94,2.5,-2.5
7.96,2.5,-2.5
7.98,2.5,-2.5
8,-2.5,2.5
8.02,-2.5,2.5
8.04,-2.5,2.5
8.06,-2.5,2.5
8.08,-2.5,2.5
8.1,-2.5,2.5
8.12,-2.5,2.5
8.14,-2.5,2.5
8.16,-2.5,2.5
8.18,-2.5,2.5
8.2,-2.5,2.5
8.22,-2.5,2.5
8.24,-2.5,2.5
8.26,-2.5,2.5
8.28,-2.5,2.5
8.3,2.5,-2.5
8.32,2.5,-2.5
8.34,2.5,-2.5
8.36,2.5,-2.5
8.38,2.5,-2.5
8.4,2.5,-2.5
8.42,2.5,-2.5
8.44,2.5,-2.5
8.46,2.5,-2.5
8.48,2.5,-2.5
8.5,2.5,-2.5
8.52,2.5,-2.5
8.54,2.5,-2.5
8.56,2.5,-2.5
8.58,2.5,-2.5
8.6,-2.5,2.5
8.62,-2.5,2.5
8.64,-2.5,2.5
8.66,-2.5,2.5
8.68,-2.5,2.5
8.7,2.5,-2.5
8.72,2.5,-2.5
8.74,2.5,-2.5
8.76,2.5,-2.5
8.78,2.5,-2.5
8.8,-2.5,2.5
8.82,-2.5,2.5
8.84,-2.5,2.5
8.86,-2.5,2.5
8.88,-2.5,2.5
8.9,-2.5,2.5
8.92,-2.5,2.5
8.94,-2.5,2.5
8.96,-2.5,2.5
8.98,-2.5,2.5
9,-2.5,2.5
9.02,-2.5,2.5
9.04,-2.5,2.5
9.06,-2.5,2.5
9.08,-2.5,2.5
9.1,2.5,-2.5
9.12,2.5,-2.5
9.14,2.5,-2.5
9.16,2.5,-2.5
9.18,2.5,-2.5
9.2,-2.5,2.5
9.22,-2.5,2.5
9.24,-2.5,2.5
9.26,-2.5,2.5
9.28,-2.5,2.5
9.3,2.5,-2.5
9.32,2.5,-2.5
9.34,2.5,-2.5
9.36,2.5,-2.5
9.38,2.5,-2.5
9.4,2.5,-2.5
9.42,2.5,-2.5
9.44,2.5,-2.5
9.46,2.5,-2.5
9.48,2.5,-2.5
9.5,-2.5,2.5
9.52,-2.5,2.5
9.54,-2.5,2.5
9.56,-2.5,2.5
9.58,-2.5,2.5
9.6,-2.5,2.5
9.62,-2.5,2.5
9.64,-2.5,2.5
9.66,-2.5,2.5
9.68,-2.5,2.5
9.7,2.5,-2.5
9.72,2.5,-2.5
9.74,2.5,-2.5
9.76,2.5,-2.5
9.78,2.5,-2.5
9.8,2.5,-2.5
9.82,2.5,-2.5
9.84,2.5,-2.5
9.86,2.5,-2.5
9.88,2.5,-2.5
9.9,-2.5,2.5
9.92,-2.5,2.5
9.94,-2.5,2.5
9.96,-2.5,2.5
9.98,-2.5,2.5
10,2.5,-2.5
10.02,2.5,-2.5
10.04,2.5,-2.5
10.06,2.5,-2.5
10.08,2.5,-2.5
10.1,-2.5,2.5
10.12,-2.5,2.5
10.14,-2.5,2.5
10.16,-2.5,2.5
10.18,-2.5,2.5
10.2,2.5,-2.5
10.22,2.5,-2.5
10.24,2.5,-2.5
10.26,2.5,-2.5
10.28,2.5,-2.5
10.3,-2.5,2.5
10.32,-2.5,2.5
10.34,-2.5,2.5
10.36,-2.5,2.5
10.38,-2.5,2.5
10.4,2.5,-2.5
10.42,2.5,-2.5
10.44,2.5,-2.5
10.46,2.5,-2.5
10.48,2.5,-2.5
10.5,-2.5,2.5
10.52,-2.5,2.5
10.54,-2.5,2.5
10.56,-2.5,2.5
10.58,-2.5,2.5
10.6,2.5,-2.5
10.62,2.5,-2.5
10.64,2.5,-2.5
10.66,2.5,-2.5
10.68,2.5,-2.5
10.7,2.5,-2.5
10.72,2.5,-2.5
10.74,2.5,-2.5
10.76,2.5,-2.5
10.78,2.5,-2.5
10.8,-2.5,2.5
10.82,-2.5,2.5
10.84,-2.5,2.5
10.86,-2.5,2.5
10.88,-2.5,2.5
10.9,2.5,-2.5
10.92,2.5,-2.5
10.94,2.5,-2.5
10.96,2.5,-2.5
10.98,2.5,-2.5
11,2.5,-2.5
11.02,2.5,-2.5
11.04,2.5,-2.5
11.06,2.5,-2.5
11.08,2.5,-2.5
11.1,-2.5,2.5
11.12,-2.5,2.5
11.14,-2.5,2.5
11.16,-2.5,2.5
11.18,-2.5,2.5
11.2,2.5,-2.5
11.22,2.5,-2.5
11.24,2.5,-2.5
11.26,2.5,-2.5
11.28,2.5,-2.5
11.3,2.5,-2.5
11.32,2.5,-2.5
11.34,2.5,-2.5
11.36,2.5,-2.5
11.38,2.5,-2.5
11.4,2.5,-2.5
11.42,2.5,-2.5
11.44,2.5,-2.5
11.46,2.5,-2.5
11.48,2.5,-2.5
11.5,-2.5,2.5
11.52,-2.5,2.5
11.54,-2.5,2.5
11.56,-2.5,2.5
11.58,-2.5,2.5
11.6,2.5,-2.5
11.62,2.5,-2.5
11.64,2.5,-2.5
11.66,2.5,-2.5
11.68,2.5,-2.5
11.7,-2.5,2.5
11.72,-2.5,2.5
11.74,-2.5,2.5
11.76,-2.5,2.5
11.78,-2.5,2.5
11.8,2.5,-2.5
11.82,2.5,-2.5
11.84,2.5,-2.5
11.86,2.5,-2.5
11.88,2.5,-2.5
11.9,2.5,-2.5
11.92,2.5,-2.5
11.94,2.5,-2.5
11.96,2.5,-2.5
11.98,2.5,-2.5
12,2.5,-2.5
12.02,2.5,-2.5
12.04,2.5,-2.5
12.06,2.5,-2.5
12.08,2.5,-2.5
12.1,2.5,-2.5
12.12,2.5,-2.5
12.14,2.5,-2.5
12.16,2.5,-2.5
12.18,2.5,-2.5
12.2,-2.5,2.5
12.22,-2.5,2.5
12.24,-2.5,2.5
12.26,-2.5,2.5
12.28,-2.5,2.5
12.3,2.5,-2.5
12.32,2.5,-2.5
12.34,2.5,-2.5
12.36,2.5,-2.5
12.38,2.5,-2.5
12.4,2.5,-2.5
12.42,2.5,-2.5
12.44,2.5,-2.5
12.46,2.5,-2.5
12.48,2.5,-2.5
12.5,-2.5,2.5
12.52,-2.5,2.5
12.54,-2.5,2.5
12.56,-2.5,2.5
12.58,-2.5,2.5
12.6,-2.5,2.5
12.62,-2.5,2.5
12.64,-2.5,2.5
12.66,-2.5,2.5
12.68,-2.5,2.5
12.7,2.5,-2.5
12.72,2.5,-2.5
12.74,2.5,-2.5
12.76,2.5,-2.5
12.78,2.5,-2.5
12.8,-2.5,2.5
12.82,-2.5,2.5
12.84,-2.5,2.5
12.86,-2.5,2.5
12.88,-2.5,2.5
12.9,2.5,-2.5
12.92,2.5,-2.5
12.94,2.5,-2.5
12.96,2.5,-2.5
12.98,2.5,-2.5
13,2.5,-2.5
13.02,2.5,-2.5
13.04,2.5,-2.5
13.06,2.5,-2.5
13.08,2.5,-2.5
13.1,2.5,-2.5
13.12,2.5,-2.5
13.14,2.5,-2.5
13.16,2.5,-2.5
13.18,2.5,-2.5
13.2,-2.5,2.5
13.22,-2.5,2.5
13.24,-2.5,2.5
13.26,-2.5,2.5
13.28,-2.5,2.5
13.3,-2.5,2.5
13.32,-2.5,2.5
13.34,-2.5,2.5
13.36,-2.5,2.5
13.38,-2.5,2.5
13.4,-2.5,2.5
13.42,-2.5,2.5
13.44,-2.5,2.5
13.46,-2.5,2.5
13.48,-2.5,2.5
13.5,-2.5,2.5
13.52,-2.5,2.5
13.54,-2.5,2.5
13.56,-2.5,2.5
13.58,-2.5,2.5
13.6,-2.5,2.5
13.62,-2.5,2.5
13.64,-2.5,2.5
13.66,-2.5,2.5
13.68,-2.5,2.5
13.7,2.5,-2.5
13.72,2.5,-2.5
13.74,2.5,-2.5
13.76,2.5,-2.5
13.78,2.5,-2.5
13.8,-2.5,2.5
13.82,-2.5,2.5
13.84,-2.5,2.5
13.86,-2.5,2.5
13.88,-2.5,2.5
13.9,2.5,-2.5
13.92,2.5,-2.5
13.94,2.5,-2.5
13.96,2.5,-2.5
13.98,2.5,-2.5
14,-2.5,2.5
14.02,-2.5,2.5
14.04,-2.5,2.5
14.06,-2.5,2.5
14.08,-2.5,2.5
14.1,-2.5,2.5
14.12,-2.5,2.5
14.14,-2.5,2.5
14.16,-2.5,2.5
14.18,-2.5,2.5
14.2,2.5,-2.5
14.22,2.5,-2.5
14.24,2.5,-2.5
14.26,2.5,-2.5
14.28,2.5,-2.5
14.3,-2.5,2.5
14.32,-2.5,2.5
14.34,-2.5,2.5
14.36,-2.5,2.5
14.38,-2.5,2.5
14.4,2.5,-2.5
14.42,2.5,-2.5
14.44,2.5,-2.5
14.46,2.5,-2.5
14.48,2.5,-2.5
14.5,2.5,-2.5
14.52,2.5,-2.5
14.54,2.5,-2.5
14.56,2.5,-2.5
14.58,2.5,-2.5
14.6,-2.5,2.5
14.62,-2.5,2.5
14.64,-2.5,2.5
14.66,-2.5,2.5
14.68,-2.5,2.5
14.7,2.5,-2.5
14.72,2.5,-2.5
14.74,2.5,-2.5
14.76,2.5,-2.5
14.78,2.5,-2.5
14.8,-2.5,2.5
14.82,-2.5,2.5
14.84,-2.5,2.5
14.86,-2.5,2.5
14.88,-2.5,2.5
14.9,2.5,-2.5
14.92,2.5,-2.5
14.94,2.5,-2.5
14.96,2.5,-2.5
14.98,2.5,-2.5
15,2.5,-2.5
15.02,2.5,-2.5
15.04,2.5,-2.5
15.06,2.5,-2.5
15.08,2.5,-2.5
15.1,-2.5,2.5
15.12,-2.5,2.5
15.14,-2.5,2.5
15.16,-2.5,2.5
15.18,-2.5,2.5
15.2,-2.5,2.5
15.22,-2.5,2.5
15.24,-2.5,2.5
15.26,-2.5,2.5
15.28,-2.5,2.5
15.3,-2.5,2.5
15.32,-2.5,2.5
15.34,-2.5,2.5
15.36,-2.5,2.5
15.38,-2.5,2.5
15.4,-2.5,2.5
15.42,-2.5,2.5
15.44,-2.5,2.5
15.46,-2.5,2.5
15.48,-2.5,2.5
15.5,-2.5,2.5
15.52,-2.5,2.5
15.54,-2.5,2.5
15.56,-2.5,2.5
15.58,-2.5,2.5
15.6,-2.5,2.5
15.62,-2.5,2.5
15.64,-2.5,2.5
15.66,-2.5,2.5
15.68,-2.5,2.5
15.7,2.5,-2.5
15.72,2.5,-2.5
15.74,2.5,-2.5
15.76,2.5,-2.5
15.78,2.5,-2.5
15.8,2.5,-2.5
15.82,2.5,-2.5
15.84,2.5,-2.5
15.86,2.5,-2.5
15.88,2.5,-2.5
15.9,2.5,-2.5
15.92,2.5,-2.5
15.94,2.5,-2.5
15.96,2.5,-2.5
15.98,2.5,-2.5
16,2.5,-2.5
16.02,2.5,-2.5
16.04,2.5,-2.5
16.06,2.5,-2.5
16.08,2.5,-2.5
16.1,2.5,-2.5
16.12,2.5,-2.5
16.14,2.5,-2.5
16.16,2.5,-2.5
16.18,2.5,-2.5
16.2,2.5,-2.5
16.22,2.5,-2.5
16.24,2.5,-2.5
16.26,2.5,-2.5
16.28,2.5,-2.5
16.3,2.5,-2.5
16.32,2.5,-2.5
16.34,2.5,-2.5
16.36,2.5,-2.5
16.38,2.5,-2.5
16.4,-2.5,2.5
16.42,-2.5,2.5
16.44,-2.5,2.5
16.46,-2.5,2.5
16.48,-2.5,2.5
16.5,-2.5,2.5
16.52,-2.5,2.5
16.54,-2.5,2.5
16.56,-2.5,2.5
16.58,-2.5,2.5
16.6,2.5,-2.5
16.62,2.5,-2.5
16.64,2.5,-2.5
16.66,2.5,-2.5
16.68,2.5,-2.5
16.7,-2.5,2.5
16.72,-2.5,2.5
16.74,-2.5,2.5
16.76,-2.5,2.5
16.78,-2.5,2.5
16.8,-2.5,2.5
16.82,-2.5,2.5
16.84,-2.5,2.5
16.86,-2.5,2.5
16.88,-2.5,2.5
16.9,2.5,-2.5
16.92,2.5,-2.5
16.94,2.5,-2.5
16.96,2.5,-2.5
16.98,2.5,-2.5
17,-2.5,2.5
17.02,-2.5,2.5
17.04,-2.5,2.5
17.06,-2.5,2.5
17.08,-2.5,2.5
17.1,2.5,-2.5
17.12,2.5,-2.5
17.14,2.5,-2.5
17.16,2.5,-2.5
17.18,2.5,-2.5
17.2,-2.5,2.5
17.22,-2.5,2.5
17.24,-2.5,2.5
17.26,-2.5,2.5
17.28,-2.5,2.5
17.3,2.5,-2.5
17.32,2.5,-2.5
17.34,2.5,-2.5
17.36,2.5,-2.5
17.38,2.5,-2.5
17.4,2.5,-2.5
17.42,2.5,-2.5
17.44,2.5,-2.5
17.46,2.5,-2.5
17.48,2.5,-2.5
17.5,2.5,-2.5
17.52,2.5,-2.5
17.54,2.5,-2.5
17.56,2.5,-2.5
17.58,2.5,-2.5
17.6,-2.5,2.5
17.62,-2.5,2.5
17.64,-2.5,2.5
17.66,-2.5,2.5
17.68,-2.5,2.5
17.7,2.5,-2.5
17.72,2.5,-2.5
17.74,2.5,-2.5
17.76,2.5,-2.5
17.78,2.5,-2.5
17.8,2.5,-2.5
17.82,2.5,-2.5
17.84,2.5,-2.5
17.86,2.5,-2.5
17.88,2.5,-2.5
17.9,-2.5,2.5
17.92,-2.5,2.5
17.94,-2.5,2.5
17.96,-2.5,2.5
17.98,-2.5,2.5
18,2.5,-2.5
18.02,2.5,-2.5
18.04,2.5,-2.5
18.06,2.5,-2.5
18.08,2.5,-2.5
18.1,-2.5,2.5
18.12,-2.5,2.5
18.14,-2.5,2.5
18.16,-2.5,2.5
18.18,-2.5,2.5
18.2,-2.5,2.5
18.22,-2.5,2.5
18.24,-2.5,2.5
18.26,-2.5,2.5
18.28,-2.5,2.5
18.3,-2.5,2.5
18.32,-2.5,2.5
18.34,-2.5,2.5
18.36,-2.5,2.5
18.38,-2.5,2.5
18.4,-2.5,2.5
18.42,-2.5,2.5
18.44,-2.5,2.5
18.46,-2.5,2.5
18.48,-2.5,2.5
18.5,2.5,-2.5
18.52,2.5,-2.5
18.54,2.5,-2.5
18.56,2.5,-2.5
18.58,2.5,-2.5
18.6,2.5,-2.5
18.62,2.5,-2.5
18.64,2.5,-2.5
18.66,2.5,-2.5
18.68,2.5,-2.5
18.7,-2.5,2.5
18.72,-2.5,2.5
18.74,-2.5,2.5
18.76,-2.5,2.5
18.78,-2.5,2.5
18.8,2.5,-2.5
18.82,2.5,-2.5
18.84,2.5,-2.5
18.86,2.5,-2.5
18.88,2.5,-2.5
18.9,-2.5,2.5
18.92,-2.5,2.5
18.94,-2.5,2.5
18.96,-2.5,2.5
18.98,-2.5,2.5
19,-2.5,2.5
19.02,-2.5,2.5
19.04,-2.5,2.5
19.06,-2.5,2.5
19.08,-2.5,2.5
19.1,2.5,-2.5
19.12,2.5,-2.5
19.14,2.5,-2.5
19.16,2.5,-2.5
19.18,2.5,-2.5
19.2,2.5,-2.5
19.22,2.5,-2.5
19.24,2.5,-2.5
19.26,2.5,-2.5
19.28,2.5,-2.5
19.3,2.5,-2.5
19.32,2.5,-2.5
19.34,2.5,-2.5
19.36,2.5,-2.5
19.38,2.5,-2.5
19.4,-2.5,2.5
19.42,-2.5,2.5
19.44,-2.5,2.5
19.46,-2.5,2.5
19.48,-2.5,2.5
19.5,2.5,-2.5
19.52,2.5,-2.5
19.54,2.5,-2.5
19.56,2.5,-2.5
19.58,2.5,-2.5
19.6,2.5,-2.5
19.62,2.5,-2.5
19.64,2.5,-2.5
19.66,2.5,-2.5
19.68,2.5,-2.5
19.7,2.5,-2.5
19.72,2.5,-2.5
19.74,2.5,-2.5
19.76,2.5,-2.5
19.78,2.5,-2.5
19.8,-2.5,2.5
19.82,-2.5,2.5
19.84,-2.5,2.5
19.86,-2.5,2.5
19.88,-2.5,2.5
19.9,-2.5,2.5
19.92,-2.5,2.5
19.94,-2.5,2.5
19.96,-2.5,2.5
19.98,-2.5,2.5
20,2.5,-2.5
20.02,2.5,-2.5
20.04,2.5,-2.5
20.06,2.5,-2.5
20.08,2.5,-2.5
20.1,2.5,-2.5
20.12,2.5,-2.5
20.14,2.5,-2.5
20.16,2.5,-2.5
20.18,2.5,-2.5
20.2,-2.5,2.5
20.22,-2.5,2.5
20.24,-2.5,2.5
20.26,-2.5,2.5
20.28,-2.5,2.5
20.3,-2.5,2.5
20.32,-2.5,2.5
20.34,-2.5,2.5
20.36,-2.5,2.5
20.38,-2.5,2.5
20.4,2.5,-2.5
20.42,2.5,-2.5
20.44,2.5,-2.5
20.46,2.5,-2.5
20.48,2.5,-2.5
20.5,2.5,-2.5
20.52,2.5,-2.5
20.54,2.5,-2.5
20.56,2.5,-2.5
20.58,2.5,-2.5
20.6,2.5,-2.5
20.62,2.5,-2.5
20.64,2.5,-2.5
20.66,2.5,-2.5
20.68,2.5,-2.5
20.7,-2.5,2.5
20.72,-2.5,2.5
20.74,-2.5,2.5
20.76,-2.5,2.5
20.78,-2.5,2.5
20.8,-2.5,2.5
20.82,-2.5,2.5
20.84,-2.5,2.5
20.86,-2.5,2.5
20.88,-2.5,2.5
20.9,-2.5,2.5
20.92,-2.5,2.5
20.94,-2.5,2.5
20.96,-2.5,2.5
20.98,-2.5,2.5
21,2.5,-2.5
21.02,2.5,-2.5
21.04,2.5,-2.5
21.06,2.5,-2.5
21.08,2.5,-2.5
21.1,2.5,-2.5
21.12,2.5,-2.5
21.14,2.5,-2.5
21.16,2.5,-2.5
21.18,2.5,-2.5
21.2,2.5,-2.5
21.22,2.5,-2.5
21.24,2.5,-2.5
21.26,2.5,-2.5
21.28,2.5,-2.5
21.3,2.5,-2.5
21.32,2.5,-2.5
21.34,2.5,-2.5
21.36,2.5,-2.5
21.38,2.5,-2.5
21.4,-2.5,2.5
21.42,-2.5,2.5
21.44,-2.5,2.5
21.46,-2.5,2.5
21.48,-2.5,2.5
21.5,-2.5,2.5
21.52,-2.5,2.5
21.54,-2.5,2.5
21.56,-2.5,2.5
21.58,-2.5,2.5
21.6,2.5,-2.5
21.62,2.5,-2.5
21.64,2.5,-2.5
21.66,2.5,-2.5
21.68,2.5,-2.5
21.7,2.5,-2.5
21.72,2.5,-2.5
21.74,2.5,-2.5
21.76,2.5,-2.5
21.78,2.5,-2.5
21.8,2.5,-2.5
21.82,2.5,-2.5
21.84,2.5,-2.5
21.86,2.5,-2.5
21.88,2.5,-2.5
21.9,2.5,-2.5
21.92,2.5,-2.5
21.94,2.5,-2.5
21.96,2.5,-2.5
21.98,2.5,-2.5
22,2.5,-2.5
22.02,2.5,-2.5
22.04,2.5,-2.5
22.06,2.5,-2.5
22.08,2.5,-2.5
22.1,-2.5,2.5
22.12,-2.5,2.5
22.14,-2.5,2.5
22.16,-2.5,2.5
22.18,-2.5,2.5
22.2,-2.5,2.5
22.22,-2.5,2.5
22.24,-2.5,2.5
22.26,-2.5,2.5
22.28,-2.5,2.5
22.3,-2.5,2.5
22.32,-2.5,2.5
22.34,-2.5,2.5
22.36,-2.5,2.5
22.38,-2.5,2.5
22.4,2.5,-2.5
22.42,2.5,-2.5
22.44,2.5,-2.5
22.46,2.5,-2.5
22.48,2.5,-2.5
22.5,-2.5,2.5
22.52,-2.5,2.5
22.54,-2.5,2.5
22.56,-2.5,2.5
22.58,-2.5,2.5
22.6,-2.5,2.5
22.62,-2.5,2.5
22.64,-2.5,2.5
22.66,-2.5,2.5
22.68,-2.5,2.5
22.7,2.5,-2.5
22.72,2.5,-2.5
22.74,2.5,-2.5
22.76,2.5,-2.5
22.78,2.5,-2.5
22.8,2.5,-2.5
22.82,2.5,-2.5
22.84,2.5,-2.5
22.86,2.5,-2.5
22.88,2.5,-2.5
22.9,2.5,-2.5
22.92,2.5,-2.5
22.94,2.5,-2.5
22.96,2.5,-2.5
22.98,2.5,-2.5
23,2.5,-2.5
23.02,2.5,-2.5
23.04,2.5,-2.5
23.06,2.5,-2.5
23.08,2.5,-2.5
23.1,-2.5,2.5
23.12,-2.5,2.5
23.14,-2.5,2.5
23.16,-2.5,2.5
23.18,-2.5,2.5
23.2,2.5,-2.5
23.22,2.5,-2.5
23.24,2.5,-2.5
23.26,2.5,-2.5
23.28,2.5,-2.5
23.3,-2.5,2.5
23.32,-2.5,2.5
23.34,-2.5,2.5
23.36,-2.5,2.5
23.38,-2.5,2.5
23.4,2.5,-2.5
23.42,2.5,-2.5
23.44,2.5,-2.5
23.46,2.5,-2.5
23.48,2.5,-2.5
23.5,-2.5,2.5
23.52,-2.5,2.5
23.54,-2.5,2.5
23.56,-2.5,2.5
23.58,-2.5,2.5
23.6,-2.5,2.5
23.62,-2.5,2.5
23.64,-2.5,2.5
23.66,-2.5,2.5
23.68,-2.5,2.5
23.7,2.5,-2.5
23.72,2.5,-2.5
23.74,2.5,-2.5
23.76,2.5,-2.5
23.78,2.5,-2.5
23.8,2.5,-2.5
23.82,2.5,-2.5
23.84,2.5,-2.5
23.86,2.5,-2.5
23.88,2.5,-2.5
23.9,-2.5,2.5
23.92,-2.5,2.5
23.94,-2.5,2.5
23.96,-2.5,2.5
23.98,-2.5,2.5
24,2.5,-2.5
24.02,2.5,-2.5
24.04,2.5,-2.5
24.06,2.5,-2.5
24.08,2.5,-2.5
24.1,2.5,-2.5
24.12,2.5,-2.5
24.14,2.5,-2.5
24.16,2.5,-2.5
24.18,2.5,-2.5
24.2,-2.5,2.5
24.22,-2.5,2.5
24.24,-2.5,2.5
24.26,-2.5,2.5
24.28,-2.5,2.5
24.3,-2.5,2.5
24.32,-2.5,2.5
24.34,-2.5,2.5
24.36,-2.5,2.5
24.38,-2.5,2.5
24.4,-2.5,2.5
24.42,-2.5,2.5
24.44,-2.5,2.5
24.46,-2.5,2.5
24.48,-2.5,2.5
24.5,2.5,-2.5
24.52,2.5,-2.5
24.54,2.5,-2.5
24.56,2.5,-2.5
24.58,2.5,-2.5
24.6,2.5,-2.5
24.62,2.5,-2.5
24.64,2.5,-2.5
24.66,2.5,-2.5
24.68,2.5,-2.5
24.7,-2.5,2.5
24.72,-2.5,2.5
24.74,-2.5,2.5
24.76,-2.5,2.5
24.78,-2.5,2.5
24.8,-2.5,2.5
24.82,-2.5,2.5
24.84,-2.5,2.5
24.86,-2.5,2.5
24.88,-2.5,2.5
24.9,-2.5,2.5
24.92,-2.5,2.5
24.94,-2.5,2.5
24.96,-2.5,2.5
24.98,-2.5,2.5
25,2.5,-2.5
25.02,2.5,-2.5
25.04,2.5,-2.5
25.06,2.5,-2.5
25.08,2.5,-2.5
25.1,-2.5,2.5
25.12,-2.5,2.5
25.14,-2.5,2.5
25.16,-2.5,2.5
25.18,-2.5,2.5
25.2,2.5,-2.5
25.22,2.5,-2.5
25.24,2.5,-2.5
25.26,2.5,-2.5
25.28,2.5,-2.5
25.3,-2.5,2.5
25.32,-2.5,2.5
25.34,-2.5,2.5
25.36,-2.5,2.5
25.38,-2.5,2.5
