1801,
0,0
0.05,0
0.1,0
0.15,0
0.2,0
0.25,0
0.3,0
0.35,0
0.4,0
0.45,0
0.5,0
0.55,0
0.6,0
0.65,0
0.7,0
0.75,0
0.8,0
0.85,0
0.9,0
0.95,0
1,0
1.05,0
1.1,0
1.15,0
1.2,0
1.25,0
1.3,0
1.35,0
1.4,0
1.45,0
1.5,0
1.55,0
1.6,0
1.65,0
1.7,0
1.75,0
1.8,0
1.85,0
1.9,0
1.95,0
2,0
2.05,0
2.1,0
2.15,0
2.2,0
2.25,0
2.3,0
2.35,0
2.4,0
2.45,0
2.5,0
2.55,0
2.6,0
2.65,0
2.7,0
2.75,0
2.8,0
2.85,0
2.9,0
2.95,0
3,0
3.05,0
3.1,0
3.15,0
3.2,0
3.25,0
3.3,0
3.35,0
3.4,0
3.45,0
3.5,0
3.55,0
3.6,0
3.64999999999999,0
3.69999999999999,0
3.74999999999999,0
3.79999999999999,0
3.84999999999999,0
3.89999999999999,0
3.94999999999999,0
3.99999999999999,0
4.04999999999999,0
4.09999999999999,0
4.14999999999999,0
4.19999999999999,0
4.24999999999999,0
4.29999999999999,0
4.34999999999999,0
4.39999999999999,0
4.44999999999999,0
4.49999999999999,0
4.54999999999999,0
4.59999999999999,0
4.64999999999999,0
4.69999999999999,0
4.74999999999999,0
4.79999999999999,0
4.84999999999999,0
4.89999999999999,0
4.94999999999999,0
4.99999999999999,0
5.04999999999999,0
5.09999999999999,0
5.14999999999999,0
5.19999999999999,0
5.24999999999999,0
5.29999999999999,0
5.34999999999999,0
5.39999999999999,0
5.44999999999999,0
5.49999999999999,0
5.54999999999999,0
5.59999999999999,0
5.64999999999999,0
5.69999999999999,0
5.74999999999999,0
5.79999999999999,0
5.84999999999999,0
5.89999999999999,0
5.94999999999999,0
5.99999999999999,0
6.04999999999999,0
6.09999999999999,0
6.14999999999999,0
6.19999999999999,0
6.24999999999999,0
6.29999999999999,0
6.34999999999999,0
6.39999999999999,0
6.44999999999999,0
6.49999999999999,0
6.54999999999999,0
6.59999999999998,0
6.64999999999998,0
6.69999999999998,0
6.74999999999998,0
6.79999999999998,0
6.84999999999998,0
6.89999999999998,0
6.94999999999998,0
6.99999999999998,0
7.04999999999998,0
7.09999999999998,0
7.14999999999998,0
7.19999999999998,0
7.24999999999998,0
7.29999999999998,0
7.34999999999998,0
7.39999999999998,0
7.44999999999998,0
7.49999999999998,0
7.54999999999998,0
7.59999999999998,0
7.64999999999998,0
7.69999999999998,0
7.74999999999998,0
7.79999999999998,0
7.84999999999998,0
7.89999999999998,0
7.94999999999998,0
7.99999999999998,0
8.04999999999998,0
8.09999999999998,0
8.14999999999998,0
8.19999999999998,0
8.24999999999998,0
8.29999999999998,0
8.34999999999998,0
8.39999999999998,0
8.44999999999999,0
8.49999999999999,0
8.54999999999999,0
8.59999999999999,0
8.64999999999999,0
8.69999999999999,0
8.74999999999999,0
8.79999999999999,0
8.84999999999999,0
8.89999999999999,0
8.94999999999999,0
9,0
9.04999999999999,0
9.09999999999999,0
9.15,0
9.2,0
9.25,0
9.3,0
9.35,0
9.4,0
9.45,0
9.5,0
9.55,0
9.6,0
9.65,0
9.7,0
9.75,0
9.8,0
9.85000000000001,0
9.90000000000001,0
9.95000000000001,0
10,0
10.05,0
10.1,0
10.15,0
10.2,0
10.25,0
10.3,0
10.35,0
10.4,0
10.45,0
10.5,0
10.55,0
10.6,0
10.65,0
10.7,0
10.75,0
10.8,0
10.85,0
10.9,0
10.95,0
11,0
11.05,0
11.1,0
11.15,0
11.2,0
11.25,0
11.3,0
11.35,0
11.4,0
11.45,0
11.5,0
11.55,0
11.6,0
11.65,0
11.7,0
11.75,0
11.8,0
11.85,0
11.9,0
11.95,0
12,0
12.05,0
12.1,0
12.15,0
12.2,0
12.25,0
12.3,0
12.35,0
12.4,0
12.45,0
12.5,0
12.55,0
12.6,0
12.65,0
12.7,0
12.75,0
12.8,0
12.85,0
12.9000000000001,0
12.95,0
13.0000000000001,0
13.0500000000001,0
13.1000000000001,0
13.1500000000001,0
13.2000000000001,0
13.2500000000001,0
13.3000000000001,0
13.3500000000001,0
13.4000000000001,0
13.4500000000001,0
13.5000000000001,0
13.5500000000001,0
13.6000000000001,0
13.6500000000001,0
13.7000000000001,0
13.7500000000001,0
13.8000000000001,0
13.8500000000001,0
13.9000000000001,0
13.9500000000001,0
14.0000000000001,0
14.0500000000001,0
14.1000000000001,0
14.1500000000001,0
14.2000000000001,0
14.2500000000001,0
14.3000000000001,0
14.3500000000001,0
14.4000000000001,0
14.4500000000001,0
14.5000000000001,0
14.5500000000001,0
14.6000000000001,0
14.6500000000001,0
14.7000000000001,0
14.7500000000001,0
14.8000000000001,0
14.8500000000001,0
14.9000000000001,0
14.9500000000001,0
15.0000000000001,0
15.0500000000001,0
15.1000000000001,0
15.1500000000001,0
15.2000000000001,0
15.2500000000001,0
15.3000000000001,0
15.3500000000001,0
15.4000000000001,0
15.4500000000001,0
15.5000000000001,0
15.5500000000001,0
15.6000000000001,0
15.6500000000001,0
15.7000000000001,0
15.7500000000001,0
15.8000000000001,0
15.8500000000001,0
15.9000000000001,0
15.9500000000001,0
16.0000000000001,0
16.0500000000001,0
16.1000000000001,0
16.1500000000001,0
16.2000000000001,0
16.2500000000001,0
16.3000000000001,0
16.3500000000001,0
16.4000000000001,0
16.4500000000001,0
16.5000000000001,0
16.5500000000001,0
16.6000000000001,0
16.6500000000001,0
16.7000000000001,0
16.7500000000001,0
16.8000000000001,0
16.8500000000001,0
16.9000000000001,0
16.9500000000001,0
17.0000000000001,0
17.0500000000001,0
17.1000000000001,0
17.1500000000001,0
17.2000000000001,0
17.2500000000001,0
17.3000000000001,0
17.3500000000001,0
17.4000000000001,0
17.4500000000001,0
17.5000000000001,0
17.5500000000001,0
17.6000000000001,0
17.6500000000001,0
17.7000000000001,0
17.7500000000001,0
17.8000000000001,0
17.8500000000001,0
17.9000000000001,0
17.9500000000001,0
18.0000000000001,0
18.0500000000001,0
18.1000000000001,0
18.1500000000001,0
18.2000000000001,0
18.2500000000001,0
18.3000000000001,0
18.3500000000001,0
18.4000000000001,0
18.4500000000001,0
18.5000000000001,0
18.5500000000001,0
18.6000000000001,0
18.6500000000001,0
18.7000000000001,0
18.7500000000001,0
18.8000000000001,0
18.8500000000001,0
18.9000000000001,0
18.9500000000001,0
19.0000000000001,0
19.0500000000001,0
19.1000000000001,0
19.1500000000001,0
19.2000000000001,0
19.2500000000001,0
19.3000000000001,0
19.3500000000001,0
19.4000000000001,0
19.4500000000001,0
19.5000000000001,0
19.5500000000001,0
19.6000000000001,0
19.6500000000001,0
19.7000000000001,0
19.7500000000001,0
19.8000000000001,0
19.8500000000001,0
19.9000000000001,0
19.9500000000001,0
20.0000000000001,0
20.0500000000001,0
20.1000000000001,0
20.1500000000002,0
20.2000000000002,0
20.2500000000002,0
20.3000000000002,0
20.3500000000002,0
20.4000000000002,0
20.4500000000002,0
20.5000000000002,0
20.5500000000002,0
20.6000000000002,0
20.6500000000002,0
20.7000000000002,0
20.7500000000002,0
20.8000000000002,0
20.8500000000002,0
20.9000000000002,0
20.9500000000002,0
21.0000000000002,0
21.0500000000002,0
21.1000000000002,0
21.1500000000002,0
21.2000000000002,0
21.2500000000002,0
21.3000000000002,0
21.3500000000002,0
21.4000000000002,0
21.4500000000002,0
21.5000000000002,0
21.5500000000002,0
21.6000000000002,0
21.6500000000002,0
21.7000000000002,0
21.7500000000002,0
21.8000000000002,0
21.8500000000002,0
21.9000000000002,0
21.9500000000002,0
22.0000000000002,0
22.0500000000002,0
22.1000000000002,0
22.1500000000002,0
22.2000000000002,0
22.2500000000002,0
22.3000000000002,0
22.3500000000002,0
22.4000000000002,0
22.4500000000002,0
22.5000000000002,0
22.5500000000002,0
22.6000000000002,0
22.6500000000002,0
22.7000000000002,0
22.7500000000002,0
22.8000000000002,0
22.8500000000002,0
22.9000000000002,0
22.9500000000002,0
23.0000000000002,0
23.0500000000002,0
23.1000000000002,0
23.1500000000002,0
23.2000000000002,0
23.2500000000002,0
23.3000000000002,0
23.3500000000002,0
23.4000000000002,0
23.4500000000002,0
23.5000000000002,0
23.5500000000002,0
23.6000000000002,0
23.6500000000002,0
23.7000000000002,0
23.7500000000002,0
23.8000000000002,0
23.8500000000002,0
23.9000000000002,0
23.9500000000002,0
24.0000000000002,0
24.0500000000002,0
24.1000000000002,0
24.1500000000002,0
24.2000000000002,0
24.2500000000002,0
24.3000000000002,0
24.3500000000002,0
24.4000000000002,0
24.4500000000002,0
24.5000000000002,0
24.5500000000002,0
24.6000000000002,0
24.6500000000002,0
24.7000000000002,0
24.7500000000002,0
24.8000000000002,0
24.8500000000002,0
24.9000000000002,0
24.9500000000002,0
25.0000000000002,0
25.0500000000002,0
25.1000000000002,0
25.1500000000002,0
25.2000000000002,0
25.2500000000002,0
25.3000000000002,0
25.3500000000002,0
25.4000000000002,0
25.4500000000002,0
25.5000000000002,0
25.5500000000002,0
25.6000000000002,0
25.6500000000002,0
25.7000000000002,0
25.7500000000002,0
25.8000000000002,0
25.8500000000002,0
25.9000000000002,0
25.9500000000002,0
26.0000000000002,0
26.0500000000002,0
26.1000000000002,0
26.1500000000002,0
26.2000000000002,0
26.2500000000002,0
26.3000000000002,0
26.3500000000002,0
26.4000000000002,0
26.4500000000002,0
26.5000000000002,0
26.5500000000002,0
26.6000000000002,0
26.6500000000002,0
26.7000000000002,0
26.7500000000002,0
26.8000000000002,0
26.8500000000002,0
26.9000000000002,0
26.9500000000002,0
27.0000000000002,0
27.0500000000002,0
27.1000000000002,0
27.1500000000003,0
27.2000000000002,0
27.2500000000003,0
27.3000000000003,0
27.3500000000003,0
27.4000000000003,0
27.4500000000003,0
27.5000000000003,0
27.5500000000003,0
27.6000000000003,0
27.6500000000003,0
27.7000000000003,0
27.7500000000003,0
27.8000000000003,0
27.8500000000003,0
27.9000000000003,0
27.9500000000003,0
28.0000000000003,0
28.0500000000003,0
28.1000000000003,0
28.1500000000003,0
28.2000000000003,0
28.2500000000003,0
28.3000000000003,0
28.3500000000003,0
28.4000000000003,0
28.4500000000003,0
28.5000000000003,0
28.5500000000003,0
28.6000000000003,0
28.6500000000003,0
28.7000000000003,0
28.7500000000003,0
28.8000000000003,0
28.8500000000003,0
28.9000000000003,0
28.9500000000003,0
29.0000000000003,0
29.0500000000003,0
29.1000000000003,0
29.1500000000003,0
29.2000000000003,0
29.2500000000003,0
29.3000000000003,0
29.3500000000003,0
29.4000000000003,0
29.4500000000003,0
29.5000000000003,0
29.5500000000003,0
29.6000000000003,0
29.6500000000003,0
29.7000000000003,0
29.7500000000003,0
29.8000000000003,0
29.8500000000003,0
29.9000000000003,0
29.9500000000003,0
30.0000000000003,0
30.0500000000003,0
30.1000000000003,0
30.1500000000003,0
30.2000000000003,0
30.2500000000003,0
30.3000000000003,0
30.3500000000003,0
30.4000000000003,0
30.4500000000003,0
30.5000000000003,0
30.5500000000003,0
30.6000000000003,0
30.6500000000003,0
30.7000000000003,0
30.7500000000003,0
30.8000000000003,0
30.8500000000003,0
30.9000000000003,0
30.9500000000003,0
31.0000000000003,0
31.0500000000003,0
31.1000000000003,0
31.1500000000003,0
31.2000000000003,0
31.2500000000003,0
31.3000000000003,0
31.3500000000003,0
31.4000000000003,0
31.4500000000003,0
31.5000000000003,0
31.5500000000003,0
31.6000000000003,0
31.6500000000003,0
31.7000000000003,0
31.7500000000003,0
31.8000000000003,0
31.8500000000003,0
31.9000000000003,0
31.9500000000003,0
32.0000000000003,0
32.0500000000003,0
32.1000000000003,0
32.1500000000003,0
32.2000000000003,0
32.2500000000003,0
32.3000000000003,0
32.3500000000003,0
32.4000000000003,0
32.4500000000003,0
32.5000000000003,0
32.5500000000003,0
32.6000000000003,0
32.6500000000003,0
32.7000000000003,0
32.7500000000003,0
32.8000000000003,0
32.8500000000003,0
32.9000000000003,0
32.9500000000003,0
33.0000000000003,0
33.0500000000003,0
33.1000000000003,0
33.1500000000003,0
33.2000000000003,0
33.2500000000002,0
33.3000000000002,0
33.3500000000002,0
33.4000000000002,0
33.4500000000002,0
33.5000000000002,0
33.5500000000002,0
33.6000000000002,0
33.6500000000002,0
33.7000000000002,0
33.7500000000002,0
33.8000000000002,0
33.8500000000002,0
33.9000000000002,0
33.9500000000002,0
34.0000000000002,0
34.0500000000002,0
34.1000000000002,0
34.1500000000002,0
34.2000000000002,0
34.2500000000002,0
34.3000000000002,0
34.3500000000002,0
34.4000000000002,0
34.4500000000002,0
34.5000000000002,0
34.5500000000002,0
34.6000000000002,0
34.6500000000002,0
34.7000000000002,0
34.7500000000002,0
34.8000000000002,0
34.8500000000002,0
34.9000000000002,0
34.9500000000002,0
35.0000000000001,0
35.0500000000001,0
35.1000000000001,0
35.1500000000001,0
35.2000000000001,0
35.2500000000001,0
35.3000000000001,0
35.3500000000001,0
35.4000000000001,0
35.4500000000001,0
35.5000000000001,0
35.5500000000001,0
35.6000000000001,0
35.6500000000001,0
35.7000000000001,0
35.7500000000001,0
35.8000000000001,0
35.8500000000001,0
35.9000000000001,0
35.9500000000001,0
36.0000000000001,0
36.0500000000001,0
36.1000000000001,0
36.1500000000001,0
36.2000000000001,0
36.2500000000001,0
36.3000000000001,0
36.3500000000001,0
36.4000000000001,0
36.4500000000001,0
36.5000000000001,0
36.5500000000001,0
36.6000000000001,0
36.6500000000001,0
36.7000000000001,0
36.7500000000001,0
36.8,0
36.85,0
36.9,0
36.95,0
37,0
37.05,0
37.1,0
37.15,0
37.2,0
37.25,0
37.3,0
37.35,0
37.4,0
37.45,0
37.5,0
37.55,0
37.6,0
37.65,0
37.7,0
37.75,0
37.8,0
37.85,0
37.9,0
37.95,0
38,0
38.05,0
38.1,0
38.15,0
38.2,0
38.25,0
38.3,0
38.35,0
38.4,0
38.45,0
38.5,0
38.5499999999999,0
38.5999999999999,0
38.6499999999999,0
38.6999999999999,0
38.7499999999999,0
38.7999999999999,0
38.8499999999999,0
38.8999999999999,0
38.9499999999999,0
38.9999999999999,0
39.0499999999999,0
39.0999999999999,0
39.1499999999999,0
39.1999999999999,0
39.2499999999999,0
39.2999999999999,0
39.3499999999999,0
39.3999999999999,0
39.4499999999999,0
39.4999999999999,0
39.5499999999999,0
39.5999999999999,0
39.6499999999999,0
39.6999999999999,0
39.7499999999999,0
39.7999999999999,0
39.8499999999999,0
39.8999999999999,0
39.9499999999999,0
39.9999999999999,0
40.0499999999999,0
40.0999999999999,0
40.1499999999999,0
40.1999999999999,0
40.2499999999999,0
40.2999999999999,0
40.3499999999998,0
40.3999999999998,0
40.4499999999998,0
40.4999999999998,0
40.5499999999998,0
40.5999999999998,0
40.6499999999998,0
40.6999999999998,0
40.7499999999998,0
40.7999999999998,0
40.8499999999998,0
40.8999999999998,0
40.9499999999998,0
40.9999999999998,0
41.0499999999998,0
41.0999999999998,0
41.1499999999998,0
41.1999999999998,0
41.2499999999998,0
41.2999999999998,0
41.3499999999998,0
41.3999999999998,0
41.4499999999998,0
41.4999999999998,0
41.5499999999998,0
41.5999999999998,0
41.6499999999998,0
41.6999999999998,0
41.7499999999998,0
41.7999999999998,0
41.8499999999998,0
41.8999999999998,0
41.9499999999998,0
41.9999999999998,0
42.0499999999998,0
42.0999999999997,0
42.1499999999997,0
42.1999999999997,0
42.2499999999997,0
42.2999999999997,0
42.3499999999997,0
42.3999999999997,0
42.4499999999997,0
42.4999999999997,0
42.5499999999997,0
42.5999999999997,0
42.6499999999997,0
42.6999999999997,0
42.7499999999997,0
42.7999999999997,0
42.8499999999997,0
42.8999999999997,0
42.9499999999997,0
42.9999999999997,0
43.0499999999997,0
43.0999999999997,0
43.1499999999997,0
43.1999999999997,0
43.2499999999997,0
43.2999999999997,0
43.3499999999997,0
43.3999999999997,0
43.4499999999997,0
43.4999999999997,0
43.5499999999997,0
43.5999999999997,0
43.6499999999997,0
43.6999999999997,0
43.7499999999997,0
43.7999999999997,0
43.8499999999996,0
43.8999999999996,0
43.9499999999996,0
43.9999999999996,0
44.0499999999996,0
44.0999999999996,0
44.1499999999996,0
44.1999999999996,0
44.2499999999996,0
44.2999999999996,0
44.3499999999996,0
44.3999999999996,0
44.4499999999996,0
44.4999999999996,0
44.5499999999996,0
44.5999999999996,0
44.6499999999996,0
44.6999999999996,0
44.7499999999996,0
44.7999999999996,0
44.8499999999996,0
44.8999999999996,0
44.9499999999996,0
44.9999999999996,0
45.0499999999996,0
45.0999999999996,0
45.1499999999996,0
45.1999999999996,0
45.2499999999996,0
45.2999999999996,0
45.3499999999996,0
45.3999999999996,0
45.4499999999996,0
45.4999999999996,0
45.5499999999996,0
45.5999999999995,0
45.6499999999995,0
45.6999999999995,0
45.7499999999995,0
45.7999999999995,0
45.8499999999995,0
45.8999999999995,0
45.9499999999995,0
45.9999999999995,0
46.0499999999995,0
46.0999999999995,0
46.1499999999995,0
46.1999999999995,0
46.2499999999995,0
46.2999999999995,0
46.3499999999995,0
46.3999999999995,0
46.4499999999995,0
46.4999999999995,0
46.5499999999995,0
46.5999999999995,0
46.6499999999995,0
46.6999999999995,0
46.7499999999995,0
46.7999999999995,0
46.8499999999995,0
46.8999999999995,0
46.9499999999995,0
46.9999999999995,0
47.0499999999995,0
47.0999999999995,0
47.1499999999995,0
47.1999999999995,0
47.2499999999995,0
47.2999999999995,0
47.3499999999994,0
47.3999999999994,0
47.4499999999994,0
47.4999999999994,0
47.5499999999994,0
47.5999999999994,0
47.6499999999994,0
47.6999999999994,0
47.7499999999994,0
47.7999999999994,0
47.8499999999994,0
47.8999999999994,0
47.9499999999994,0
47.9999999999994,0
48.0499999999994,0
48.0999999999994,0
48.1499999999994,0
48.1999999999994,0
48.2499999999994,0
48.2999999999994,0
48.3499999999994,0
48.3999999999994,0
48.4499999999994,0
48.4999999999994,0
48.5499999999994,0
48.5999999999994,0
48.6499999999994,0
48.6999999999994,0
48.7499999999994,0
48.7999999999994,0
48.8499999999994,0
48.8999999999994,0
48.9499999999994,0
48.9999999999994,0
49.0499999999994,0
49.0999999999993,0
49.1499999999993,0
49.1999999999993,0
49.2499999999993,0
49.2999999999993,0
49.3499999999993,0
49.3999999999993,0
49.4499999999993,0
49.4999999999993,0
49.5499999999993,0
49.5999999999993,0
49.6499999999993,0
49.6999999999993,0
49.7499999999993,0
49.7999999999993,0
49.8499999999993,0
49.8999999999993,0
49.9499999999993,0
49.9999999999993,0
50.0499999999993,0
50.0999999999993,0
50.1499999999993,0
50.1999999999993,0
50.2499999999993,0
50.2999999999993,0
50.3499999999993,0
50.3999999999993,0
50.4499999999993,0
50.4999999999993,0
50.5499999999993,0
50.5999999999993,0
50.6499999999993,0
50.6999999999993,0
50.7499999999993,0
50.7999999999993,0
50.8499999999992,0
50.8999999999992,0
50.9499999999992,0
50.9999999999992,0
51.0499999999992,0
51.0999999999992,0
51.1499999999992,0
51.1999999999992,0
51.2499999999992,0
51.2999999999992,0
51.3499999999992,0
51.3999999999992,0
51.4499999999992,0
51.4999999999992,0
51.5499999999992,0
51.5999999999992,0
51.6499999999992,0
51.6999999999992,0
51.7499999999992,0
51.7999999999992,0
51.8499999999992,0
51.8999999999992,0
51.9499999999992,0
51.9999999999992,0
52.0499999999992,0
52.0999999999992,0
52.1499999999992,0
52.1999999999992,0
52.2499999999992,0
52.2999999999992,0
52.3499999999992,0
52.3999999999992,0
52.4499999999992,0
52.4999999999992,0
52.5499999999992,0
52.5999999999991,0
52.6499999999991,0
52.6999999999991,0
52.7499999999991,0
52.7999999999991,0
52.8499999999991,0
52.8999999999991,0
52.9499999999991,0
52.9999999999991,0
53.0499999999991,0
53.0999999999991,0
53.1499999999991,0
53.1999999999991,0
53.2499999999991,0
53.2999999999991,0
53.3499999999991,0
53.3999999999991,0
53.4499999999991,0
53.4999999999991,0
53.5499999999991,0
53.5999999999991,0
53.6499999999991,0
53.6999999999991,0
53.7499999999991,0
53.7999999999991,0
53.8499999999991,0
53.8999999999991,0
53.9499999999991,0
53.9999999999991,0
54.0499999999991,0
54.0999999999991,0
54.1499999999991,0
54.1999999999991,0
54.2499999999991,0
54.2999999999991,0
54.349999999999,0
54.399999999999,0
54.449999999999,0
54.499999999999,0
54.549999999999,0
54.599999999999,0
54.649999999999,0
54.699999999999,0
54.749999999999,0
54.799999999999,0
54.849999999999,0
54.899999999999,0
54.949999999999,0
54.999999999999,0
55.049999999999,0
55.099999999999,0
55.149999999999,0
55.199999999999,0
55.249999999999,0
55.299999999999,0
55.349999999999,0
55.399999999999,0
55.449999999999,0
55.499999999999,0
55.549999999999,0
55.599999999999,0
55.649999999999,0
55.699999999999,0
55.749999999999,0
55.799999999999,0
55.849999999999,0
55.899999999999,0
55.949999999999,0
55.999999999999,0
56.049999999999,0
56.0999999999989,0
56.1499999999989,0
56.1999999999989,0
56.2499999999989,0
56.2999999999989,0
56.3499999999989,0
56.3999999999989,0
56.4499999999989,0
56.4999999999989,0
56.5499999999989,0
56.5999999999989,0
56.6499999999989,0
56.6999999999989,0
56.7499999999989,0
56.7999999999989,0
56.8499999999989,0
56.8999999999989,0
56.9499999999989,0
56.9999999999989,0
57.0499999999989,0
57.0999999999989,0
57.1499999999989,0
57.1999999999989,0
57.2499999999989,0
57.2999999999989,0
57.3499999999989,0
57.3999999999989,0
57.4499999999989,0
57.4999999999989,0
57.5499999999989,0
57.5999999999989,0
57.6499999999989,0
57.6999999999989,0
57.7499999999989,0
57.7999999999989,0
57.8499999999989,0
57.8999999999988,0
57.9499999999988,0
57.9999999999988,0
58.0499999999988,0
58.0999999999988,0
58.1499999999988,0
58.1999999999988,0
58.2499999999988,0
58.2999999999988,0
58.3499999999988,0
58.3999999999988,0
58.4499999999988,0
58.4999999999988,0
58.5499999999988,0
58.5999999999988,0
58.6499999999988,0
58.6999999999988,0
58.7499999999988,0
58.7999999999988,0
58.8499999999988,0
58.8999999999988,0
58.9499999999988,0
58.9999999999988,0
59.0499999999988,0
59.0999999999988,0
59.1499999999988,0
59.1999999999988,0
59.2499999999988,0
59.2999999999988,0
59.3499999999988,0
59.3999999999988,0
59.4499999999988,0
59.4999999999988,0
59.5499999999988,0
59.5999999999988,0
59.6499999999987,0
59.6999999999987,0
59.7499999999987,0
59.7999999999987,0
59.8499999999987,0
59.8999999999987,0
59.9499999999987,0
59.9999999999987,0
60.0499999999987,0
60.0999999999987,0
60.1499999999987,0
60.1999999999987,0
60.2499999999987,0
60.2999999999987,0
60.3499999999987,0
60.3999999999987,0
60.4499999999987,0
60.4999999999987,0
60.5499999999987,0
60.5999999999987,0
60.6499999999987,0
60.6999999999987,0
60.7499999999987,0
60.7999999999987,0
60.8499999999987,0
60.8999999999987,0
60.9499999999987,0
60.9999999999987,0
61.0499999999987,0
61.0999999999987,0
61.1499999999987,0
61.1999999999987,0
61.2499999999987,0
61.2999999999987,0
61.3499999999987,0
61.3999999999987,0
61.4499999999986,0
61.4999999999986,0
61.5499999999986,0
61.5999999999986,0
61.6499999999986,0
61.6999999999986,0
61.7499999999986,0
61.7999999999986,0
61.8499999999986,0
61.8999999999986,0
61.9499999999986,0
61.9999999999986,0
62.0499999999986,0
62.0999999999986,0
62.1499999999986,0
62.1999999999986,0
62.2499999999986,0
62.2999999999986,0
62.3499999999986,0
62.3999999999986,0
62.4499999999986,0
62.4999999999986,0
62.5499999999986,0
62.5999999999986,0
62.6499999999986,0
62.6999999999986,0
62.7499999999986,0
62.7999999999986,0
62.8499999999986,0
62.8999999999986,0
62.9499999999986,0
62.9999999999986,0
63.0499999999986,0
63.0999999999986,0
63.1499999999986,0
63.1999999999985,0
63.2499999999985,0
63.2999999999985,0
63.3499999999985,0
63.3999999999985,0
63.4499999999985,0
63.4999999999985,0
63.5499999999985,0
63.5999999999985,0
63.6499999999985,0
63.6999999999985,0
63.7499999999985,0
63.7999999999985,0
63.8499999999985,0
63.8999999999985,0
63.9499999999985,0
63.9999999999985,0
64.0499999999985,0
64.0999999999985,0
64.1499999999985,0
64.1999999999985,0
64.2499999999985,0
64.2999999999985,0
64.3499999999985,0
64.3999999999985,0
64.4499999999985,0
64.4999999999985,0
64.5499999999985,0
64.5999999999985,0
64.6499999999985,0
64.6999999999985,0
64.7499999999985,0
64.7999999999985,0
64.8499999999985,0
64.8999999999985,0
64.9499999999985,0
64.9999999999985,0
65.0499999999984,0
65.0999999999984,0
65.1499999999984,0
65.1999999999984,0
65.2499999999984,0
65.2999999999984,0
65.3499999999984,0
65.3999999999984,0
65.4499999999984,0
65.4999999999984,0
65.5499999999984,0
65.5999999999984,0
65.6499999999984,0
65.6999999999984,0
65.7499999999984,0
65.7999999999984,0
65.8499999999984,0
65.8999999999984,0
65.9499999999984,0
65.9999999999984,0
66.0499999999984,0
66.0999999999984,0
66.1499999999984,0
66.1999999999984,0
66.2499999999984,0
66.2999999999984,0
66.3499999999984,0
66.3999999999984,0
66.4499999999984,0
66.4999999999984,0
66.5499999999984,0
66.5999999999984,0
66.6499999999984,0
66.6999999999984,0
66.7499999999984,0
66.7999999999983,0
66.8499999999983,0
66.8999999999983,0
66.9499999999983,0
66.9999999999983,0
67.0499999999983,0
67.0999999999983,0
67.1499999999983,0
67.1999999999983,0
67.2499999999983,0
67.2999999999983,0
67.3499999999983,0
67.3999999999983,0
67.4499999999983,0
67.4999999999983,0
67.5499999999983,0
67.5999999999983,0
67.6499999999983,0
67.6999999999983,0
67.7499999999983,0
67.7999999999983,0
67.8499999999983,0
67.8999999999983,0
67.9499999999983,0
67.9999999999983,0
68.0499999999983,0
68.0999999999983,0
68.1499999999983,0
68.1999999999983,0
68.2499999999983,0
68.2999999999983,0
68.3499999999983,0
68.3999999999983,0
68.4499999999983,0
68.4999999999983,0
68.5499999999982,0
68.5999999999982,0
68.6499999999982,0
68.6999999999982,0
68.7499999999982,0
68.7999999999982,0
68.8499999999982,0
68.8999999999982,0
68.9499999999982,0
68.9999999999982,0
69.0499999999982,0
69.0999999999982,0
69.1499999999982,0
69.1999999999982,0
69.2499999999982,0
69.2999999999982,0
69.3499999999982,0
69.3999999999982,0
69.4499999999982,0
69.4999999999982,0
69.5499999999982,0
69.5999999999982,0
69.6499999999982,0
69.6999999999982,0
69.7499999999982,0
69.7999999999982,0
69.8499999999982,0
69.8999999999982,0
69.9499999999982,0
69.9999999999982,0
70.0499999999982,0
70.0999999999982,0
70.1499999999982,0
70.1999999999982,0
70.2499999999982,0
70.2999999999981,0
70.3499999999981,0
70.3999999999981,0
70.4499999999981,0
70.4999999999981,0
70.5499999999981,0
70.5999999999981,0
70.6499999999981,0
70.6999999999981,0
70.7499999999981,0
70.7999999999981,0
70.8499999999981,0
70.8999999999981,0
70.9499999999981,0
70.9999999999981,0
71.0499999999981,0
71.0999999999981,0
71.1499999999981,0
71.1999999999981,0
71.2499999999981,0
71.2999999999981,0
71.3499999999981,0
71.3999999999981,0
71.4499999999981,0
71.4999999999981,0
71.5499999999981,0
71.5999999999981,0
71.6499999999981,0
71.6999999999981,0
71.7499999999981,0
71.7999999999981,0
71.8499999999981,0
71.8999999999981,0
71.9499999999981,0
71.9999999999981,0
72.0499999999981,0
72.099999999998,0
72.149999999998,0
72.199999999998,0
72.249999999998,0
72.299999999998,0
72.349999999998,0
72.399999999998,0
72.449999999998,0
72.499999999998,0
72.549999999998,0
72.599999999998,0
72.649999999998,0
72.699999999998,0
72.749999999998,0
72.799999999998,0
72.849999999998,0
72.899999999998,0
72.949999999998,0
72.999999999998,0
73.049999999998,0
73.099999999998,0
73.149999999998,0
73.199999999998,0
73.249999999998,0
73.299999999998,0
73.349999999998,0
73.399999999998,0
73.449999999998,0
73.499999999998,0
73.549999999998,0
73.599999999998,0
73.649999999998,0
73.699999999998,0
73.749999999998,0
73.799999999998,0
73.8499999999979,0
73.8999999999979,0
73.9499999999979,0
73.9999999999979,0
74.0499999999979,0
74.0999999999979,0
74.1499999999979,0
74.1999999999979,0
74.2499999999979,0
74.2999999999979,0
74.3499999999979,0
74.3999999999979,0
74.4499999999979,0
74.4999999999979,0
74.5499999999979,0
74.5999999999979,0
74.6499999999979,0
74.6999999999979,0
74.7499999999979,0
74.7999999999979,0
74.8499999999979,0
74.8999999999979,0
74.9499999999979,0
74.9999999999979,0
75.0499999999979,0
75.0999999999979,0
75.1499999999979,0
75.1999999999979,0
75.2499999999979,0
75.2999999999979,0
75.3499999999979,0
75.3999999999979,0
75.4499999999979,0
75.4999999999979,0
75.5499999999979,0
75.5999999999978,0
75.6499999999978,0
75.6999999999978,0
75.7499999999978,0
75.7999999999978,0
75.8499999999978,0
75.8999999999978,0
75.9499999999978,0
75.9999999999978,0
76.0499999999978,0
76.0999999999978,0
76.1499999999978,0
76.1999999999978,0
76.2499999999978,0
76.2999999999978,0
76.3499999999978,0
76.3999999999978,0
76.4499999999978,0
76.4999999999978,0
76.5499999999978,0
76.5999999999978,0
76.6499999999978,0
76.6999999999978,0
76.7499999999978,0
76.7999999999978,0
76.8499999999978,0
76.8999999999978,0
76.9499999999978,0
76.9999999999978,0
77.0499999999978,0
77.0999999999978,0
77.1499999999978,0
77.1999999999978,0
77.2499999999978,0
77.2999999999978,0
77.3499999999978,0
77.3999999999977,0
77.4499999999977,0
77.4999999999977,0
77.5499999999977,0
77.5999999999977,0
77.6499999999977,0
77.6999999999977,0
77.7499999999977,0
77.7999999999977,0
77.8499999999977,0
77.8999999999977,0
77.9499999999977,0
77.9999999999977,0
78.0499999999977,0
78.0999999999977,0
78.1499999999977,0
78.1999999999977,0
78.2499999999977,0
78.2999999999977,0
78.3499999999977,0
78.3999999999977,0
78.4499999999977,0
78.4999999999977,0
78.5499999999977,0
78.5999999999977,0
78.6499999999977,0
78.6999999999977,0
78.7499999999977,0
78.7999999999977,0
78.8499999999977,0
78.8999999999977,0
78.9499999999977,0
78.9999999999977,0
79.0499999999977,0
79.0999999999977,0
79.1499999999976,0
79.1999999999976,0
79.2499999999976,0
79.2999999999976,0
79.3499999999976,0
79.3999999999976,0
79.4499999999976,0
79.4999999999976,0
79.5499999999976,0
79.5999999999976,0
79.6499999999976,0
79.6999999999976,0
79.7499999999976,0
79.7999999999976,0
79.8499999999976,0
79.8999999999976,0
79.9499999999976,0
79.9999999999976,0
80.0499999999976,0
80.0999999999976,0
80.1499999999976,0
80.1999999999976,0
80.2499999999976,0
80.2999999999976,0
80.3499999999976,0
80.3999999999976,0
80.4499999999976,0
80.4999999999976,0
80.5499999999976,0
80.5999999999976,0
80.6499999999976,0
80.6999999999976,0
80.7499999999976,0
80.7999999999976,0
80.8499999999976,0
80.8999999999976,0
80.9499999999975,0
80.9999999999975,0
81.0499999999975,0
81.0999999999975,0
81.1499999999975,0
81.1999999999975,0
81.2499999999975,0
81.2999999999975,0
81.3499999999975,0
81.3999999999975,0
81.4499999999975,0
81.4999999999975,0
81.5499999999975,0
81.5999999999975,0
81.6499999999975,0
81.6999999999975,0
81.7499999999975,0
81.7999999999975,0
81.8499999999975,0
81.8999999999975,0
81.9499999999975,0
81.9999999999975,0
82.0499999999975,0
82.0999999999975,0
82.1499999999975,0
82.1999999999975,0
82.2499999999975,0
82.2999999999975,0
82.3499999999975,0
82.3999999999975,0
82.4499999999975,0
82.4999999999975,0
82.5499999999975,0
82.5999999999975,0
82.6499999999975,0
82.6999999999974,0
82.7499999999974,0
82.7999999999974,0
82.8499999999974,0
82.8999999999974,0
82.9499999999974,0
82.9999999999974,0
83.0499999999974,0
83.0999999999974,0
83.1499999999974,0
83.1999999999974,0
83.2499999999974,0
83.2999999999974,0
83.3499999999974,0
83.3999999999974,0
83.4499999999974,0
83.4999999999974,0
83.5499999999974,0
83.5999999999974,0
83.6499999999974,0
83.6999999999974,0
83.7499999999974,0
83.7999999999974,0
83.8499999999974,0
83.8999999999974,0
83.9499999999974,0
83.9999999999974,0
84.0499999999974,0
84.0999999999974,0
84.1499999999974,0
84.1999999999974,0
84.2499999999974,0
84.2999999999974,0
84.3499999999974,0
84.3999999999974,0
84.4499999999973,0
84.4999999999973,0
84.5499999999973,0
84.5999999999973,0
84.6499999999973,0
84.6999999999973,0
84.7499999999973,0
84.7999999999973,0
84.8499999999973,0
84.8999999999973,0
84.9499999999973,0
84.9999999999973,0
85.0499999999973,0
85.0999999999973,0
85.1499999999973,0
85.1999999999973,0
85.2499999999973,0
85.2999999999973,0
85.3499999999973,0
85.3999999999973,0
85.4499999999973,0
85.4999999999973,0
85.5499999999973,0
85.5999999999973,0
85.6499999999973,0
85.6999999999973,0
85.7499999999973,0
85.7999999999973,0
85.8499999999973,0
85.8999999999973,0
85.9499999999973,0
85.9999999999973,0
86.0499999999973,0
86.0999999999973,0
86.1499999999973,0
86.1999999999972,0
86.2499999999972,0
86.2999999999972,0
86.3499999999972,0
86.3999999999972,0
86.4499999999972,0
86.4999999999972,0
86.5499999999972,0
86.5999999999972,0
86.6499999999972,0
86.6999999999972,0
86.7499999999972,0
86.7999999999972,0
86.8499999999972,0
86.8999999999972,0
86.9499999999972,0
86.9999999999972,0
87.0499999999972,0
87.0999999999972,0
87.1499999999972,0
87.1999999999972,0
87.2499999999972,0
87.2999999999972,0
87.3499999999972,0
87.3999999999972,0
87.4499999999972,0
87.4999999999972,0
87.5499999999972,0
87.5999999999972,0
87.6499999999972,0
87.6999999999972,0
87.7499999999972,0
87.7999999999972,0
87.8499999999972,0
87.8999999999972,0
87.9499999999971,0
87.9999999999972,0
88.0499999999971,0
88.0999999999971,0
88.1499999999971,0
88.1999999999971,0
88.2499999999971,0
88.2999999999971,0
88.3499999999971,0
88.3999999999971,0
88.4499999999971,0
88.4999999999971,0
88.5499999999971,0
88.5999999999971,0
88.6499999999971,0
88.6999999999971,0
88.7499999999971,0
88.7999999999971,0
88.8499999999971,0
88.8999999999971,0
88.9499999999971,0
88.9999999999971,0
89.0499999999971,0
89.0999999999971,0
89.1499999999971,0
89.1999999999971,0
89.2499999999971,0
89.2999999999971,0
89.3499999999971,0
89.3999999999971,0
89.4499999999971,0
89.4999999999971,0
89.5499999999971,0
89.5999999999971,0
89.6499999999971,0
89.699999999997,0
89.7499999999971,0
89.799999999997,0
89.849999999997,0
89.899999999997,0
89.949999999997,0
90,0
